{"stats":{"minecraft:killed":{"minecraft:cave_spider":1,"minecraft:zombie":1,"iceandfire:ghost":1,"enemyexpansion:vampire":1},"minecraft:mined":{"luminousworld:savannah_soil":3,"minecraft:acacia_leaves":2,"minecraft:white_bed":2,"minecraft:melon_stem":2,"minecraft:brown_carpet":1,"minecraft:torch":2,"minecraft:grass_block":3,"iceandfire:ghost_chest":1,"luminousworld:grassvariant_2":3,"minecraft:tall_grass":3,"minecraft:oak_planks":9,"minecraft:wall_torch":1,"luminousworld:savanna_grass_2":1,"supplementaries:urn":2,"minecraft:hay_block":19,"minecraft:yellow_wool":2,"minecraft:wheat":120,"minecraft:acacia_stairs":1,"minecraft:grass":5,"minecraft:vine":3,"minecraft:gravel":1,"minecraft:dirt":1,"minecraft:acacia_planks":8,"luminousworld:elephant_grass":2,"luminousworld:savannah_ground":7,"minecraft:orange_bed":1},"minecraft:custom":{"minecraft:mob_kills":6,"minecraft:interact_with_crafting_table":3,"minecraft:open_barrel":4,"minecraft:eat_cake_slice":2,"minecraft:leave_game":1,"minecraft:time_since_death":33284,"minecraft:sleep_in_bed":9,"minecraft:climb_one_cm":19055,"minecraft:time_since_rest":8335,"minecraft:sprint_one_cm":417592,"minecraft:damage_taken":2036,"minecraft:walk_one_cm":131387,"minecraft:drop":13,"minecraft:damage_dealt":604,"minecraft:swim_one_cm":1361,"minecraft:fly_one_cm":254805,"minecraft:open_chest":20,"minecraft:crouch_one_cm":2463,"minecraft:play_time":163173,"tombstone:undead_killed":3,"minecraft:deaths":3,"minecraft:sneak_time":1046,"minecraft:walk_under_water_one_cm":81,"minecraft:boat_one_cm":47865,"minecraft:jump":1132,"minecraft:walk_on_water_one_cm":3253,"minecraft:total_world_time":163173,"minecraft:horse_one_cm":3968,"minecraft:fall_one_cm":30916},"minecraft:crafted":{"minecraft:bread":98,"minecraft:shield":1,"minecraft:wheat":162},"minecraft:used":{"minecraft:wheat_seeds":124,"minecraft:oak_planks":10,"luminousworld:savannah_ground":7,"minecraft:orange_bed":1,"minecraft:torch":19,"alexscaves:cave_book":3,"minecraft:white_bed":2,"minecraft:acacia_stairs":1,"minecraft:bread":37,"minecraft:gravel":1,"luminousworld:elephant_grass":2,"minecraft:stone_axe":45,"luminousworld:savannah_soil":2,"tombstone:gift":2,"alexsmobs:animal_dictionary":3,"minecraft:acacia_planks":15},"minecraft:picked_up":{"born_in_chaos_v1:corpse_maggot":4,"minecraft:iron_chestplate":1,"luminousworld:savannah_ground":7,"minecraft:wheat":121,"minecraft:magma_cream":2,"minecraft:yellow_wool":2,"alexscaves:cave_tablet":10,"minecraft:enchanted_book":1,"alexscaves:cave_book":1,"iceandfire:ectoplasm":1,"artifacts:flame_pendant":1,"minecraft:dirt":5,"minecraft:string":1,"minecraft:netherite_scrap":2,"minecraft:bone":12,"minecraft:acacia_planks":22,"minecraft:wheat_seeds":350,"minecraft:cobbled_deepslate":12,"minecraft:iron_ingot":1,"luminousworld:elephant_grass":2,"minecraft:oak_planks":11,"iceandfire:ghost_chest":1,"minecraft:torch":24,"minecraft:gravel":1,"luminousworld:savannah_soil":2,"minecraft:white_bed":3,"minecraft:acacia_stairs":1,"minecraft:orange_bed":1,"iceandfire:silver_ingot":2,"quark:clear_shard":4,"minecraft:rotten_flesh":16,"minecraft:diamond":1,"minecraft:stone_axe":2,"minecraft:iron_helmet":1,"minecraft:hay_block":18,"supplementaries:ash":7,"minecraft:melon_seeds":4,"minecraft:cobblestone":1,"minecraft:diamond_pickaxe":1},"minecraft:dropped":{"minecraft:bread":10,"minecraft:oak_planks":1,"alexscaves:cave_book":1,"minecraft:diamond_pickaxe":1},"minecraft:killed_by":{"born_in_chaos_v1:corpse_fly":1,"enemyexpansion:invisicreeper":1}},"DataVersion":3465}