{"stats":{"minecraft:killed":{"minecraft:cave_spider":1,"minecraft:zombie":1,"iceandfire:ghost":1,"enemyexpansion:vampire":1,"ecologics:coconut_crab":1},"minecraft:mined":{"luminousworld:savannah_soil":4,"minecraft:acacia_leaves":2,"minecraft:white_bed":3,"luminousworld:tall_deadbush":2,"minecraft:melon_stem":2,"minecraft:brown_carpet":1,"minecraft:torch":2,"minecraft:grass_block":5,"iceandfire:ghost_chest":1,"ecologics:coconut_leaves":10,"luminousworld:grassvariant_2":3,"minecraft:tall_grass":3,"ecologics:coconut_log":9,"minecraft:sugar_cane":1,"minecraft:oak_planks":9,"minecraft:wall_torch":1,"luminousworld:savanna_grass_2":2,"supplementaries:urn":2,"minecraft:hay_block":19,"minecraft:yellow_wool":4,"minecraft:wheat":137,"minecraft:acacia_stairs":2,"luminousworld:bao_bob_log":2,"minecraft:grass":5,"ecologics:hanging_coconut":1,"minecraft:vine":3,"minecraft:acacia_fence":2,"minecraft:gravel":1,"minecraft:dirt":1,"minecraft:acacia_planks":20,"luminousworld:savannah_grass_4":1,"luminousworld:elephant_grass":3,"minecraft:oak_leaves":2,"luminousworld:savannah_ground":7,"minecraft:orange_bed":1},"minecraft:custom":{"minecraft:interact_with_furnace":2,"minecraft:mob_kills":7,"minecraft:interact_with_crafting_table":3,"minecraft:open_barrel":4,"minecraft:eat_cake_slice":2,"minecraft:leave_game":1,"minecraft:time_since_death":23572,"minecraft:sleep_in_bed":13,"minecraft:climb_one_cm":19055,"minecraft:time_since_rest":5,"minecraft:sprint_one_cm":575081,"minecraft:damage_taken":3414,"minecraft:walk_one_cm":170056,"minecraft:drop":26,"minecraft:damage_dealt":1019,"minecraft:swim_one_cm":32364,"minecraft:fly_one_cm":528372,"minecraft:open_chest":35,"minecraft:crouch_one_cm":8788,"minecraft:play_time":223173,"tombstone:undead_killed":3,"minecraft:deaths":5,"minecraft:sneak_time":11184,"minecraft:walk_under_water_one_cm":3334,"minecraft:boat_one_cm":92701,"minecraft:jump":2179,"minecraft:walk_on_water_one_cm":16775,"minecraft:total_world_time":223173,"minecraft:horse_one_cm":3968,"minecraft:fall_one_cm":51228},"minecraft:crafted":{"ecologics:coconut_planks":4,"minecraft:bread":98,"minecraft:shield":1,"minecraft:wheat":162},"minecraft:used":{"minecraft:wheat_seeds":124,"minecraft:oak_planks":10,"luminousworld:tall_deadbush":2,"ecologics:coconut_planks":4,"luminousworld:savannah_ground":7,"minecraft:orange_bed":1,"minecraft:torch":19,"alexscaves:cave_book":3,"minecraft:white_bed":3,"minecraft:acacia_stairs":2,"minecraft:bread":55,"minecraft:gravel":1,"luminousworld:elephant_grass":2,"minecraft:yellow_wool":3,"minecraft:stone_axe":95,"ecologics:coconut_slice":1,"luminousworld:savannah_soil":2,"tombstone:gift":2,"alexsmobs:animal_dictionary":3,"minecraft:cobbled_deepslate":12,"minecraft:acacia_planks":27},"minecraft:picked_up":{"luminousworld:groundpebbles_1":2,"born_in_chaos_v1:corpse_maggot":4,"minecraft:iron_chestplate":1,"luminousworld:savannah_ground":7,"minecraft:wheat":134,"minecraft:magma_cream":2,"minecraft:salmon":2,"minecraft:yellow_wool":4,"alexscaves:cave_tablet":10,"minecraft:enchanted_book":1,"alexscaves:cave_book":1,"iceandfire:ectoplasm":1,"artifacts:flame_pendant":1,"minecraft:dirt":6,"minecraft:string":1,"minecraft:netherite_scrap":2,"minecraft:bone":12,"minecraft:acacia_planks":33,"minecraft:wheat_seeds":394,"minecraft:cobbled_deepslate":12,"minecraft:iron_ingot":2,"luminousworld:elephant_grass":3,"minecraft:player_head":1,"minecraft:sugar_cane":23,"minecraft:oak_planks":11,"minecraft:iron_boots":1,"minecraft:stick":1,"iceandfire:ghost_chest":1,"iceandfire:troll_tusk":1,"minecraft:birch_boat":1,"ecologics:coconut_slice":10,"minecraft:torch":24,"ecologics:coconut_seedling":1,"minecraft:gravel":1,"luminousworld:savannah_soil":2,"ecologics:coconut_husk":3,"minecraft:white_bed":4,"minecraft:acacia_stairs":2,"alexsmobs:animal_dictionary":2,"minecraft:orange_bed":1,"iceandfire:silver_ingot":2,"quark:clear_shard":4,"minecraft:rotten_flesh":16,"luminousworld:king_crab_plaque":1,"minecraft:diamond":1,"minecraft:stone_axe":2,"ecologics:coconut_log":1,"minecraft:iron_helmet":1,"minecraft:hay_block":18,"minecraft:bone_meal":1,"minecraft:bread":15,"luminousworld:tall_deadbush":2,"supplementaries:ash":7,"minecraft:melon_seeds":4,"minecraft:coal":5,"minecraft:cod":7,"minecraft:cobblestone":1,"minecraft:diamond_pickaxe":1},"minecraft:dropped":{"minecraft:bread":11,"alexsmobs:animal_dictionary":2,"minecraft:cobblestone":1,"minecraft:oak_planks":1,"iceandfire:troll_tusk":1,"minecraft:coal":5,"minecraft:cod":3,"minecraft:dirt":5,"supplementaries:ash":6,"alexscaves:cave_book":1,"minecraft:diamond_pickaxe":1,"ecologics:coconut_husk":1,"minecraft:bone_meal":1},"minecraft:killed_by":{"minecraft:skeleton":1,"born_in_chaos_v1:zombie_bruiser":1,"born_in_chaos_v1:corpse_fly":1,"enemyexpansion:invisicreeper":1}},"DataVersion":3465}