{"stats":{"minecraft:killed":{"minecraft:zombie":1,"enemyexpansion:vampire":1},"minecraft:mined":{"minecraft:hay_block":19,"luminousworld:savannah_soil":3,"minecraft:acacia_leaves":2,"minecraft:white_bed":1,"minecraft:melon_stem":2,"minecraft:wheat":120,"minecraft:brown_carpet":1,"minecraft:acacia_stairs":1,"minecraft:torch":1,"minecraft:grass":4,"luminousworld:grassvariant_2":2,"minecraft:tall_grass":1,"minecraft:acacia_planks":6,"luminousworld:elephant_grass":2,"luminousworld:savanna_grass_2":1,"minecraft:orange_bed":1,"luminousworld:savannah_ground":7},"minecraft:custom":{"minecraft:time_since_rest":2403,"minecraft:sprint_one_cm":264636,"minecraft:damage_taken":1246,"minecraft:walk_one_cm":90177,"minecraft:mob_kills":3,"minecraft:damage_dealt":347,"minecraft:interact_with_crafting_table":3,"minecraft:fly_one_cm":132938,"minecraft:open_chest":11,"minecraft:crouch_one_cm":1544,"minecraft:play_time":104525,"tombstone:undead_killed":2,"minecraft:deaths":2,"minecraft:sneak_time":646,"minecraft:boat_one_cm":47865,"minecraft:jump":579,"minecraft:time_since_death":3338,"minecraft:walk_on_water_one_cm":12,"minecraft:climb_one_cm":340,"minecraft:sleep_in_bed":8,"minecraft:total_world_time":104525,"minecraft:fall_one_cm":19338,"minecraft:horse_one_cm":3968},"minecraft:crafted":{"minecraft:shield":1,"minecraft:bread":98,"minecraft:wheat":162},"minecraft:picked_up":{"born_in_chaos_v1:corpse_maggot":4,"luminousworld:savannah_ground":7,"minecraft:iron_chestplate":1,"minecraft:wheat":120,"minecraft:torch":13,"luminousworld:savannah_soil":2,"minecraft:white_bed":2,"minecraft:acacia_stairs":1,"minecraft:string":1,"minecraft:orange_bed":1,"minecraft:acacia_planks":20,"quark:clear_shard":4,"minecraft:rotten_flesh":11,"minecraft:stone_axe":2,"minecraft:wheat_seeds":349,"minecraft:hay_block":18,"minecraft:iron_ingot":1,"luminousworld:elephant_grass":2,"supplementaries:ash":1,"minecraft:melon_seeds":4,"minecraft:oak_planks":1},"minecraft:used":{"minecraft:wheat_seeds":124,"minecraft:acacia_stairs":1,"minecraft:bread":22,"luminousworld:elephant_grass":2,"luminousworld:savannah_ground":7,"minecraft:stone_axe":12,"minecraft:orange_bed":1,"minecraft:torch":2,"luminousworld:savannah_soil":2,"minecraft:white_bed":2,"minecraft:acacia_planks":4},"minecraft:killed_by":{"born_in_chaos_v1:corpse_fly":1,"enemyexpansion:invisicreeper":1}},"DataVersion":3465}