{"stats":{"minecraft:killed":{"minecraft:cave_spider":1,"minecraft:zombie":1,"iceandfire:ghost":1,"enemyexpansion:vampire":1},"minecraft:mined":{"luminousworld:savannah_soil":4,"minecraft:acacia_leaves":2,"minecraft:white_bed":3,"luminousworld:tall_deadbush":2,"minecraft:melon_stem":2,"minecraft:brown_carpet":1,"minecraft:torch":2,"minecraft:grass_block":3,"iceandfire:ghost_chest":1,"ecologics:coconut_leaves":5,"luminousworld:grassvariant_2":3,"minecraft:tall_grass":3,"minecraft:sugar_cane":1,"minecraft:oak_planks":9,"minecraft:wall_torch":1,"luminousworld:savanna_grass_2":2,"supplementaries:urn":2,"minecraft:hay_block":19,"minecraft:yellow_wool":2,"minecraft:wheat":137,"minecraft:acacia_stairs":2,"luminousworld:bao_bob_log":2,"minecraft:grass":5,"minecraft:vine":3,"minecraft:acacia_fence":2,"minecraft:gravel":1,"minecraft:dirt":1,"minecraft:acacia_planks":13,"luminousworld:savannah_grass_4":1,"luminousworld:elephant_grass":2,"luminousworld:savannah_ground":7,"minecraft:orange_bed":1},"minecraft:custom":{"minecraft:interact_with_furnace":2,"minecraft:mob_kills":6,"minecraft:interact_with_crafting_table":3,"minecraft:open_barrel":4,"minecraft:eat_cake_slice":2,"minecraft:leave_game":1,"minecraft:time_since_death":57284,"minecraft:sleep_in_bed":12,"minecraft:climb_one_cm":19055,"minecraft:time_since_rest":5922,"minecraft:sprint_one_cm":523259,"minecraft:damage_taken":2376,"minecraft:walk_one_cm":153319,"minecraft:drop":22,"minecraft:damage_dealt":690,"minecraft:swim_one_cm":17998,"minecraft:fly_one_cm":349442,"minecraft:open_chest":32,"minecraft:crouch_one_cm":8788,"minecraft:play_time":187173,"tombstone:undead_killed":3,"minecraft:deaths":3,"minecraft:sneak_time":3504,"minecraft:walk_under_water_one_cm":158,"minecraft:boat_one_cm":69979,"minecraft:jump":1578,"minecraft:walk_on_water_one_cm":6680,"minecraft:total_world_time":187173,"minecraft:horse_one_cm":3968,"minecraft:fall_one_cm":44199},"minecraft:crafted":{"minecraft:bread":98,"minecraft:shield":1,"minecraft:wheat":162},"minecraft:used":{"minecraft:wheat_seeds":124,"minecraft:oak_planks":10,"luminousworld:tall_deadbush":2,"luminousworld:savannah_ground":7,"minecraft:orange_bed":1,"minecraft:torch":19,"alexscaves:cave_book":3,"minecraft:white_bed":3,"minecraft:acacia_stairs":1,"minecraft:bread":47,"minecraft:gravel":1,"luminousworld:elephant_grass":2,"minecraft:stone_axe":57,"luminousworld:savannah_soil":2,"tombstone:gift":2,"alexsmobs:animal_dictionary":3,"minecraft:cobbled_deepslate":11,"minecraft:acacia_planks":15},"minecraft:picked_up":{"born_in_chaos_v1:corpse_maggot":4,"minecraft:iron_chestplate":1,"luminousworld:savannah_ground":7,"minecraft:wheat":134,"minecraft:magma_cream":2,"minecraft:salmon":2,"minecraft:yellow_wool":2,"alexscaves:cave_tablet":10,"minecraft:enchanted_book":1,"alexscaves:cave_book":1,"iceandfire:ectoplasm":1,"artifacts:flame_pendant":1,"minecraft:dirt":5,"minecraft:string":1,"minecraft:netherite_scrap":2,"minecraft:bone":12,"minecraft:acacia_planks":27,"minecraft:wheat_seeds":393,"minecraft:cobbled_deepslate":12,"minecraft:iron_ingot":2,"luminousworld:elephant_grass":2,"minecraft:player_head":1,"minecraft:sugar_cane":23,"minecraft:oak_planks":11,"iceandfire:ghost_chest":1,"iceandfire:troll_tusk":1,"minecraft:torch":24,"minecraft:gravel":1,"luminousworld:savannah_soil":2,"minecraft:white_bed":4,"minecraft:acacia_stairs":2,"minecraft:orange_bed":1,"iceandfire:silver_ingot":2,"quark:clear_shard":4,"minecraft:rotten_flesh":16,"minecraft:diamond":1,"minecraft:stone_axe":2,"minecraft:iron_helmet":1,"minecraft:hay_block":18,"minecraft:bread":1,"luminousworld:tall_deadbush":2,"supplementaries:ash":7,"minecraft:melon_seeds":4,"minecraft:coal":5,"minecraft:cod":7,"minecraft:cobblestone":1,"minecraft:diamond_pickaxe":1},"minecraft:dropped":{"minecraft:bread":11,"minecraft:cobblestone":1,"minecraft:oak_planks":1,"iceandfire:troll_tusk":1,"minecraft:coal":5,"minecraft:cod":3,"minecraft:dirt":5,"supplementaries:ash":6,"alexscaves:cave_book":1,"minecraft:diamond_pickaxe":1},"minecraft:killed_by":{"born_in_chaos_v1:corpse_fly":1,"enemyexpansion:invisicreeper":1}},"DataVersion":3465}