{"stats":{"minecraft:killed":{"minecraft:zombie":1,"enemyexpansion:vampire":1},"minecraft:mined":{"supplementaries:urn":2,"minecraft:hay_block":19,"luminousworld:savannah_soil":3,"minecraft:acacia_leaves":2,"minecraft:white_bed":1,"minecraft:melon_stem":2,"minecraft:wheat":120,"minecraft:brown_carpet":1,"minecraft:acacia_stairs":1,"minecraft:torch":2,"minecraft:grass":4,"minecraft:vine":3,"luminousworld:grassvariant_2":2,"minecraft:tall_grass":1,"minecraft:acacia_planks":7,"luminousworld:elephant_grass":2,"luminousworld:savanna_grass_2":1,"minecraft:orange_bed":1,"luminousworld:savannah_ground":7},"minecraft:custom":{"minecraft:time_since_rest":25051,"minecraft:sprint_one_cm":312398,"minecraft:damage_taken":1564,"minecraft:walk_one_cm":102983,"minecraft:mob_kills":3,"minecraft:drop":1,"minecraft:damage_dealt":347,"minecraft:interact_with_crafting_table":3,"minecraft:fly_one_cm":137750,"minecraft:open_barrel":3,"minecraft:open_chest":12,"minecraft:crouch_one_cm":2463,"minecraft:play_time":127173,"minecraft:sneak_time":1046,"tombstone:undead_killed":2,"minecraft:deaths":2,"minecraft:boat_one_cm":47865,"minecraft:jump":628,"minecraft:leave_game":1,"minecraft:time_since_death":25986,"minecraft:walk_on_water_one_cm":12,"minecraft:total_world_time":127173,"minecraft:sleep_in_bed":8,"minecraft:climb_one_cm":831,"minecraft:fall_one_cm":19756,"minecraft:horse_one_cm":3968},"minecraft:crafted":{"minecraft:shield":1,"minecraft:bread":98,"minecraft:wheat":162},"minecraft:picked_up":{"born_in_chaos_v1:corpse_maggot":4,"minecraft:wheat":120,"minecraft:iron_chestplate":1,"luminousworld:savannah_ground":7,"minecraft:magma_cream":2,"minecraft:torch":23,"luminousworld:savannah_soil":2,"minecraft:white_bed":2,"artifacts:flame_pendant":1,"minecraft:acacia_stairs":1,"minecraft:string":1,"minecraft:orange_bed":1,"minecraft:rotten_flesh":11,"minecraft:acacia_planks":21,"quark:clear_shard":4,"minecraft:stone_axe":2,"minecraft:wheat_seeds":349,"minecraft:hay_block":18,"minecraft:iron_ingot":1,"luminousworld:elephant_grass":2,"supplementaries:ash":7,"minecraft:melon_seeds":4,"minecraft:oak_planks":1},"minecraft:used":{"minecraft:wheat_seeds":124,"minecraft:acacia_stairs":1,"minecraft:bread":28,"luminousworld:elephant_grass":2,"luminousworld:savannah_ground":7,"minecraft:stone_axe":13,"minecraft:torch":12,"minecraft:orange_bed":1,"luminousworld:savannah_soil":2,"minecraft:white_bed":2,"minecraft:acacia_planks":10},"minecraft:dropped":{"minecraft:oak_planks":1},"minecraft:killed_by":{"born_in_chaos_v1:corpse_fly":1,"enemyexpansion:invisicreeper":1}},"DataVersion":3465}