{"stats":{"minecraft:killed":{"minecraft:cave_spider":1,"minecraft:zombie":1,"iceandfire:ghost":1,"enemyexpansion:vampire":1},"minecraft:mined":{"luminousworld:savannah_soil":4,"minecraft:acacia_leaves":2,"minecraft:white_bed":2,"luminousworld:tall_deadbush":2,"minecraft:melon_stem":2,"minecraft:brown_carpet":1,"minecraft:torch":2,"minecraft:grass_block":3,"iceandfire:ghost_chest":1,"luminousworld:grassvariant_2":3,"minecraft:tall_grass":3,"minecraft:sugar_cane":1,"minecraft:oak_planks":9,"minecraft:wall_torch":1,"luminousworld:savanna_grass_2":1,"supplementaries:urn":2,"minecraft:hay_block":19,"minecraft:yellow_wool":2,"minecraft:wheat":120,"minecraft:acacia_stairs":2,"minecraft:grass":5,"minecraft:vine":3,"minecraft:acacia_fence":2,"minecraft:gravel":1,"minecraft:dirt":1,"minecraft:acacia_planks":13,"luminousworld:elephant_grass":2,"luminousworld:savannah_ground":7,"minecraft:orange_bed":1},"minecraft:custom":{"minecraft:interact_with_furnace":2,"minecraft:mob_kills":6,"minecraft:interact_with_crafting_table":3,"minecraft:open_barrel":4,"minecraft:eat_cake_slice":2,"minecraft:leave_game":1,"minecraft:time_since_death":45284,"minecraft:sleep_in_bed":11,"minecraft:climb_one_cm":19055,"minecraft:time_since_rest":6893,"minecraft:sprint_one_cm":471225,"minecraft:damage_taken":2376,"minecraft:walk_one_cm":143130,"minecraft:drop":19,"minecraft:damage_dealt":690,"minecraft:swim_one_cm":4088,"minecraft:fly_one_cm":278562,"minecraft:open_chest":26,"minecraft:crouch_one_cm":6992,"minecraft:play_time":175173,"tombstone:undead_killed":3,"minecraft:deaths":3,"minecraft:sneak_time":3139,"minecraft:walk_under_water_one_cm":150,"minecraft:boat_one_cm":47865,"minecraft:jump":1318,"minecraft:walk_on_water_one_cm":3874,"minecraft:total_world_time":175173,"minecraft:horse_one_cm":3968,"minecraft:fall_one_cm":38980},"minecraft:crafted":{"minecraft:bread":98,"minecraft:shield":1,"minecraft:wheat":162},"minecraft:used":{"minecraft:wheat_seeds":124,"minecraft:oak_planks":10,"luminousworld:tall_deadbush":2,"luminousworld:savannah_ground":7,"minecraft:orange_bed":1,"minecraft:torch":19,"alexscaves:cave_book":3,"minecraft:white_bed":2,"minecraft:acacia_stairs":1,"minecraft:bread":44,"minecraft:gravel":1,"luminousworld:elephant_grass":2,"minecraft:stone_axe":55,"luminousworld:savannah_soil":2,"tombstone:gift":2,"alexsmobs:animal_dictionary":3,"minecraft:acacia_planks":15},"minecraft:picked_up":{"born_in_chaos_v1:corpse_maggot":4,"minecraft:iron_chestplate":1,"luminousworld:savannah_ground":7,"minecraft:wheat":121,"minecraft:magma_cream":2,"minecraft:salmon":1,"minecraft:yellow_wool":2,"alexscaves:cave_tablet":10,"minecraft:enchanted_book":1,"alexscaves:cave_book":1,"iceandfire:ectoplasm":1,"artifacts:flame_pendant":1,"minecraft:dirt":5,"minecraft:string":1,"minecraft:netherite_scrap":2,"minecraft:bone":12,"minecraft:acacia_planks":27,"minecraft:wheat_seeds":350,"minecraft:cobbled_deepslate":12,"minecraft:iron_ingot":2,"luminousworld:elephant_grass":2,"minecraft:player_head":1,"minecraft:sugar_cane":23,"minecraft:oak_planks":11,"iceandfire:ghost_chest":1,"minecraft:torch":24,"minecraft:gravel":1,"luminousworld:savannah_soil":2,"minecraft:white_bed":3,"minecraft:acacia_stairs":2,"minecraft:orange_bed":1,"iceandfire:silver_ingot":2,"quark:clear_shard":4,"minecraft:rotten_flesh":16,"minecraft:diamond":1,"minecraft:stone_axe":2,"minecraft:iron_helmet":1,"minecraft:hay_block":18,"luminousworld:tall_deadbush":2,"supplementaries:ash":7,"minecraft:melon_seeds":4,"minecraft:cod":5,"minecraft:cobblestone":1,"minecraft:diamond_pickaxe":1},"minecraft:dropped":{"minecraft:bread":10,"minecraft:cobblestone":1,"minecraft:oak_planks":1,"minecraft:cod":3,"minecraft:dirt":5,"supplementaries:ash":6,"alexscaves:cave_book":1,"minecraft:diamond_pickaxe":1},"minecraft:killed_by":{"born_in_chaos_v1:corpse_fly":1,"enemyexpansion:invisicreeper":1}},"DataVersion":3465}