{"stats":{"minecraft:mined":{"minecraft:hay_block":19,"minecraft:acacia_leaves":1,"minecraft:melon_stem":2,"minecraft:wheat":120,"minecraft:tall_grass":1,"minecraft:acacia_stairs":1,"luminousworld:savannah_soil":3,"luminousworld:savannah_ground":7,"minecraft:orange_bed":1},"minecraft:custom":{"minecraft:open_chest":9,"minecraft:time_since_rest":12134,"minecraft:crouch_one_cm":512,"minecraft:play_time":38525,"minecraft:sprint_one_cm":99682,"minecraft:walk_one_cm":53492,"minecraft:damage_taken":400,"minecraft:deaths":1,"minecraft:sneak_time":293,"minecraft:mob_kills":1,"minecraft:jump":205,"minecraft:damage_dealt":25,"minecraft:walk_on_water_one_cm":12,"minecraft:time_since_death":34245,"minecraft:sleep_in_bed":2,"minecraft:total_world_time":38525,"minecraft:fall_one_cm":4790,"minecraft:fly_one_cm":36721},"minecraft:crafted":{"minecraft:bread":98,"minecraft:wheat":162},"minecraft:used":{"minecraft:wheat_seeds":124,"minecraft:orange_bed":1,"minecraft:acacia_stairs":1,"luminousworld:savannah_soil":2,"minecraft:bread":5,"luminousworld:savannah_ground":7},"minecraft:picked_up":{"born_in_chaos_v1:corpse_maggot":4,"minecraft:wheat":120,"minecraft:orange_bed":1,"minecraft:rotten_flesh":9,"minecraft:wheat_seeds":348,"luminousworld:savannah_soil":2,"minecraft:hay_block":18,"quark:clear_shard":4,"minecraft:iron_chestplate":1,"minecraft:acacia_stairs":1,"minecraft:melon_seeds":4,"luminousworld:savannah_ground":7},"minecraft:killed_by":{"born_in_chaos_v1:corpse_fly":1}},"DataVersion":3465}