{"stats":{"minecraft:killed":{"minecraft:cave_spider":1,"minecraft:zombie":1,"enemyexpansion:vampire":1},"minecraft:mined":{"luminousworld:savannah_soil":3,"minecraft:acacia_leaves":2,"minecraft:white_bed":1,"minecraft:melon_stem":2,"minecraft:brown_carpet":1,"minecraft:torch":2,"luminousworld:grassvariant_2":2,"minecraft:tall_grass":1,"minecraft:oak_planks":9,"luminousworld:savanna_grass_2":1,"supplementaries:urn":2,"minecraft:hay_block":19,"minecraft:wheat":120,"minecraft:acacia_stairs":1,"minecraft:grass":4,"minecraft:vine":3,"minecraft:gravel":1,"minecraft:acacia_planks":8,"luminousworld:elephant_grass":2,"luminousworld:savannah_ground":7,"minecraft:orange_bed":1},"minecraft:custom":{"minecraft:mob_kills":5,"minecraft:interact_with_crafting_table":3,"minecraft:open_barrel":4,"minecraft:leave_game":1,"minecraft:time_since_death":21284,"minecraft:sleep_in_bed":8,"minecraft:climb_one_cm":5437,"minecraft:time_since_rest":19759,"minecraft:sprint_one_cm":366486,"minecraft:damage_taken":1903,"minecraft:walk_one_cm":121410,"minecraft:drop":12,"minecraft:damage_dealt":458,"minecraft:fly_one_cm":173234,"minecraft:open_chest":12,"minecraft:crouch_one_cm":2463,"minecraft:play_time":151173,"tombstone:undead_killed":2,"minecraft:deaths":3,"minecraft:sneak_time":1046,"minecraft:boat_one_cm":47865,"minecraft:jump":836,"minecraft:walk_on_water_one_cm":696,"minecraft:total_world_time":151173,"minecraft:horse_one_cm":3968,"minecraft:fall_one_cm":22982},"minecraft:crafted":{"minecraft:bread":98,"minecraft:shield":1,"minecraft:wheat":162},"minecraft:used":{"minecraft:wheat_seeds":124,"minecraft:oak_planks":10,"luminousworld:savannah_ground":7,"minecraft:orange_bed":1,"minecraft:torch":19,"minecraft:white_bed":2,"minecraft:acacia_stairs":1,"minecraft:bread":33,"minecraft:gravel":1,"luminousworld:elephant_grass":2,"minecraft:stone_axe":27,"luminousworld:savannah_soil":2,"tombstone:gift":2,"alexsmobs:animal_dictionary":3,"minecraft:acacia_planks":15},"minecraft:picked_up":{"born_in_chaos_v1:corpse_maggot":4,"minecraft:iron_chestplate":1,"luminousworld:savannah_ground":7,"minecraft:wheat":120,"minecraft:magma_cream":2,"alexscaves:cave_tablet":10,"minecraft:enchanted_book":1,"alexscaves:cave_book":1,"artifacts:flame_pendant":1,"minecraft:string":1,"minecraft:netherite_scrap":2,"minecraft:acacia_planks":22,"minecraft:wheat_seeds":349,"minecraft:cobbled_deepslate":12,"minecraft:iron_ingot":1,"luminousworld:elephant_grass":2,"minecraft:oak_planks":11,"minecraft:torch":23,"minecraft:gravel":1,"luminousworld:savannah_soil":2,"minecraft:white_bed":2,"minecraft:acacia_stairs":1,"minecraft:orange_bed":1,"quark:clear_shard":4,"minecraft:rotten_flesh":13,"minecraft:stone_axe":2,"minecraft:hay_block":18,"supplementaries:ash":7,"minecraft:melon_seeds":4,"minecraft:diamond_pickaxe":1},"minecraft:dropped":{"minecraft:bread":10,"minecraft:oak_planks":1,"minecraft:diamond_pickaxe":1},"minecraft:killed_by":{"born_in_chaos_v1:corpse_fly":1,"enemyexpansion:invisicreeper":1}},"DataVersion":3465}