{"stats":{"minecraft:mined":{"minecraft:hay_block":19,"luminousworld:savannah_soil":3,"minecraft:acacia_leaves":2,"minecraft:melon_stem":2,"minecraft:wheat":120,"minecraft:acacia_stairs":1,"minecraft:tall_grass":1,"luminousworld:savanna_grass_2":1,"minecraft:orange_bed":1,"luminousworld:savannah_ground":7},"minecraft:custom":{"minecraft:time_since_rest":10765,"minecraft:sprint_one_cm":149715,"minecraft:damage_taken":450,"minecraft:walk_one_cm":60522,"minecraft:mob_kills":1,"minecraft:damage_dealt":25,"minecraft:fly_one_cm":68196,"minecraft:open_chest":9,"minecraft:crouch_one_cm":512,"minecraft:play_time":50525,"minecraft:deaths":1,"minecraft:sneak_time":293,"minecraft:jump":340,"minecraft:time_since_death":46245,"minecraft:walk_on_water_one_cm":12,"minecraft:sleep_in_bed":4,"minecraft:total_world_time":50525,"minecraft:fall_one_cm":8795},"minecraft:crafted":{"minecraft:bread":98,"minecraft:wheat":162},"minecraft:picked_up":{"born_in_chaos_v1:corpse_maggot":4,"luminousworld:savannah_ground":7,"minecraft:iron_chestplate":1,"minecraft:wheat":120,"luminousworld:savannah_soil":2,"minecraft:acacia_stairs":1,"minecraft:orange_bed":1,"quark:clear_shard":4,"minecraft:rotten_flesh":9,"minecraft:wheat_seeds":349,"minecraft:hay_block":18,"supplementaries:ash":1,"minecraft:melon_seeds":4},"minecraft:used":{"minecraft:wheat_seeds":124,"minecraft:acacia_stairs":1,"minecraft:bread":8,"luminousworld:savannah_ground":7,"minecraft:orange_bed":1,"luminousworld:savannah_soil":2},"minecraft:killed_by":{"born_in_chaos_v1:corpse_fly":1}},"DataVersion":3465}