{"stats":{"minecraft:mined":{"minecraft:hay_block":18,"minecraft:acacia_leaves":1,"minecraft:melon_stem":2,"minecraft:wheat":57,"minecraft:tall_grass":1,"minecraft:acacia_stairs":1,"minecraft:orange_bed":1},"minecraft:custom":{"minecraft:open_chest":2,"minecraft:time_since_rest":7594,"minecraft:crouch_one_cm":512,"minecraft:play_time":14525,"minecraft:sprint_one_cm":50734,"minecraft:walk_one_cm":26337,"minecraft:damage_taken":380,"minecraft:deaths":1,"minecraft:sneak_time":293,"minecraft:jump":108,"minecraft:time_since_death":10245,"minecraft:sleep_in_bed":1,"minecraft:total_world_time":14525,"minecraft:fall_one_cm":2957,"minecraft:fly_one_cm":25099},"minecraft:crafted":{"minecraft:bread":70,"minecraft:wheat":153},"minecraft:picked_up":{"minecraft:wheat":57,"minecraft:orange_bed":1,"minecraft:wheat_seeds":170,"minecraft:hay_block":17,"minecraft:acacia_stairs":1,"minecraft:melon_seeds":4},"minecraft:used":{"minecraft:wheat_seeds":61,"minecraft:orange_bed":1,"minecraft:acacia_stairs":1,"minecraft:bread":2},"minecraft:killed_by":{"born_in_chaos_v1:corpse_fly":1}},"DataVersion":3465}