{"stats":{"minecraft:killed":{"minecraft:cave_spider":1,"born_in_chaos_v1:maggot":2,"minecraft:zombie":1,"iceandfire:ghost":1,"enemyexpansion:vampire":1,"ecologics:coconut_crab":1,"born_in_chaos_v1:door_knight":1},"minecraft:mined":{"luminousworld:savannah_soil":6,"minecraft:acacia_leaves":2,"minecraft:white_bed":3,"luminousworld:tall_deadbush":2,"minecraft:melon_stem":2,"minecraft:brown_carpet":1,"minecraft:torch":2,"minecraft:grass_block":5,"iceandfire:ghost_chest":1,"ecologics:coconut_leaves":10,"luminousworld:grassvariant_2":3,"minecraft:tall_grass":3,"ecologics:coconut_log":9,"minecraft:sugar_cane":1,"minecraft:oak_planks":9,"minecraft:wall_torch":1,"luminousworld:savanna_grass_2":2,"supplementaries:urn":2,"minecraft:hay_block":19,"minecraft:yellow_wool":4,"minecraft:wheat":137,"minecraft:acacia_stairs":2,"luminousworld:bao_bob_log":2,"minecraft:grass":5,"ecologics:hanging_coconut":1,"minecraft:vine":3,"minecraft:acacia_fence":2,"minecraft:gravel":1,"minecraft:dirt":3,"minecraft:acacia_planks":20,"luminousworld:savannah_grass_4":1,"luminousworld:elephant_grass":3,"minecraft:oak_leaves":2,"luminousworld:savannah_ground":8,"minecraft:orange_bed":1},"minecraft:custom":{"minecraft:interact_with_furnace":2,"minecraft:mob_kills":10,"minecraft:interact_with_crafting_table":3,"minecraft:open_barrel":4,"minecraft:eat_cake_slice":2,"minecraft:leave_game":1,"minecraft:time_since_death":11938,"minecraft:sleep_in_bed":13,"minecraft:climb_one_cm":19055,"minecraft:time_since_rest":10995,"minecraft:sprint_one_cm":613444,"minecraft:damage_taken":4350,"minecraft:walk_one_cm":180908,"minecraft:drop":51,"minecraft:damage_dealt":1292,"minecraft:swim_one_cm":33428,"minecraft:fly_one_cm":596239,"minecraft:open_chest":35,"minecraft:crouch_one_cm":9673,"minecraft:play_time":241173,"tombstone:undead_killed":4,"minecraft:deaths":8,"minecraft:sneak_time":11421,"minecraft:walk_under_water_one_cm":3498,"minecraft:boat_one_cm":151736,"minecraft:jump":2428,"minecraft:walk_on_water_one_cm":19387,"minecraft:total_world_time":241173,"minecraft:horse_one_cm":3968,"minecraft:fall_one_cm":57335},"minecraft:crafted":{"ecologics:coconut_planks":4,"minecraft:bread":98,"minecraft:shield":1,"minecraft:wheat":162},"minecraft:used":{"minecraft:wheat_seeds":124,"minecraft:oak_planks":10,"luminousworld:tall_deadbush":2,"minecraft:birch_boat":1,"ecologics:coconut_planks":4,"luminousworld:savannah_ground":8,"minecraft:orange_bed":1,"minecraft:torch":19,"minecraft:dirt":2,"alexscaves:cave_book":3,"minecraft:white_bed":3,"minecraft:acacia_stairs":2,"minecraft:bread":58,"minecraft:gravel":1,"luminousworld:elephant_grass":2,"minecraft:yellow_wool":3,"minecraft:stone_axe":106,"ecologics:coconut_slice":1,"luminousworld:savannah_soil":3,"tombstone:gift":2,"alexsmobs:animal_dictionary":3,"minecraft:cobbled_deepslate":12,"minecraft:acacia_planks":27},"minecraft:picked_up":{"minecraft:leather_chestplate":2,"luminousworld:groundpebbles_1":5,"born_in_chaos_v1:corpse_maggot":4,"minecraft:iron_chestplate":1,"luminousworld:savannah_ground":8,"minecraft:wheat":134,"minecraft:magma_cream":2,"minecraft:leather_leggings":1,"minecraft:salmon":2,"minecraft:yellow_wool":4,"artifacts:umbrella":1,"alexscaves:cave_tablet":10,"minecraft:enchanted_book":1,"alexscaves:cave_book":1,"iceandfire:ectoplasm":1,"artifacts:flame_pendant":1,"aether:leather_gloves":1,"minecraft:dirt":9,"minecraft:string":2,"minecraft:leather_boots":3,"minecraft:netherite_scrap":2,"minecraft:bone":15,"minecraft:acacia_planks":33,"minecraft:wheat_seeds":439,"minecraft:cobbled_deepslate":12,"minecraft:iron_ingot":3,"luminousworld:elephant_grass":3,"minecraft:player_head":1,"minecraft:sugar_cane":23,"minecraft:oak_planks":11,"minecraft:iron_boots":4,"minecraft:stick":2,"iceandfire:ghost_chest":1,"iceandfire:troll_tusk":1,"minecraft:birch_boat":2,"ecologics:coconut_slice":10,"minecraft:torch":24,"ecologics:coconut_seedling":1,"minecraft:gravel":1,"luminousworld:savannah_soil":3,"ecologics:coconut_husk":7,"minecraft:white_bed":4,"minecraft:acacia_stairs":2,"alexsmobs:animal_dictionary":3,"minecraft:orange_bed":1,"iceandfire:silver_ingot":2,"quark:clear_shard":4,"minecraft:rotten_flesh":18,"luminousworld:king_crab_plaque":2,"minecraft:diamond":1,"minecraft:stone_axe":3,"ecologics:coconut_log":1,"minecraft:iron_helmet":1,"minecraft:hay_block":18,"minecraft:bone_meal":1,"minecraft:bread":15,"luminousworld:tall_deadbush":2,"supplementaries:ash":7,"minecraft:melon_seeds":4,"minecraft:coal":5,"minecraft:cod":7,"minecraft:cobblestone":1,"minecraft:diamond_pickaxe":1},"minecraft:dropped":{"minecraft:bread":11,"minecraft:stone_axe":1,"minecraft:wheat_seeds":90,"alexsmobs:animal_dictionary":4,"minecraft:cobblestone":1,"minecraft:oak_planks":1,"iceandfire:troll_tusk":1,"minecraft:salmon":1,"minecraft:coal":5,"minecraft:cod":4,"minecraft:stick":2,"minecraft:leather_chestplate":2,"minecraft:dirt":7,"supplementaries:ash":6,"alexscaves:cave_book":1,"minecraft:diamond_pickaxe":1,"luminousworld:groundpebbles_1":4,"minecraft:leather_boots":4,"ecologics:coconut_husk":5,"minecraft:leather_leggings":2,"minecraft:bone_meal":1,"minecraft:string":2},"minecraft:broken":{"minecraft:stone_axe":1},"minecraft:killed_by":{"born_in_chaos_v1:nightmare_stalker":1,"minecraft:skeleton":1,"born_in_chaos_v1:zombie_bruiser":1,"born_in_chaos_v1:corpse_fly":1,"iceandfire:ghost":1,"born_in_chaos_v1:maggot":1,"enemyexpansion:invisicreeper":1}},"DataVersion":3465}