{"stats":{"minecraft:mined":{"minecraft:acacia_fence":1,"luminousworld:savannah_grass_4":1,"minecraft:orange_bed":3},"minecraft:custom":{"minecraft:time_since_rest":1967,"minecraft:open_chest":1,"minecraft:sprint_one_cm":19859,"minecraft:crouch_one_cm":306,"minecraft:play_time":17854,"minecraft:deaths":1,"minecraft:damage_taken":235,"minecraft:walk_one_cm":35160,"minecraft:sneak_time":67,"minecraft:mob_kills":2,"minecraft:drop":5,"minecraft:jump":204,"minecraft:damage_dealt":56,"minecraft:leave_game":1,"minecraft:time_since_death":2238,"minecraft:sleep_in_bed":1,"minecraft:total_world_time":17854,"minecraft:fall_one_cm":4606,"minecraft:fly_one_cm":46056},"minecraft:used":{"minecraft:orange_bed":3,"minecraft:acacia_fence":1},"minecraft:picked_up":{"minecraft:book":1,"iceandfire:dragon_skull_lightning":1,"minecraft:orange_bed":3,"iceandfire:dragonbone":21,"minecraft:acacia_fence":1,"minecraft:rotten_flesh":3},"minecraft:dropped":{"minecraft:rotten_flesh":4,"minecraft:book":1}},"DataVersion":3465}