{"stats":{"minecraft:killed":{"minecraft:witch":1,"undead_revamp2:theimmortal":5,"minecraft:spider":1,"enemyexpansion:direwolf":1,"luminousworld:king_crab":1,"born_in_chaos_v1:maggot":5,"minecraft:skeleton":5,"born_in_chaos_v1:corpse_fish":2,"alexsmobs:centipede_head":1,"luminousworld:savannah_zombie":4,"artifacts:mimic":1,"born_in_chaos_v1:barrel_zombie":2,"minecraft:magma_cube":5,"earthmobsmod:bouldering_zombie":3,"minecraft:zombie_villager":2,"undead_revamp2:the_moonflower":2,"born_in_chaos_v1:zombie_fisherman":1,"luminousworld:savannah_skeleton":3,"undead_revamp2:thesomnolence":2,"minecraft:zombie":7,"iceandfire:ghost":14,"enemyexpansion:vampire":1,"born_in_chaos_v1:nightmare_stalker":2,"born_in_chaos_v1:door_knight":1,"iceandfire:sea_serpent":1,"minecraft:blaze":1},"minecraft:mined":{"iceandfire:lightning_lily":4,"luminousworld:groundpebbles_1":1,"minecraft:white_bed":4,"luminousworld:grassvariant_4":1,"minecraft:acacia_log":18,"minecraft:grass_block":6,"luminousworld:bao_bob_wood":1,"quark:acacia_chest":2,"luminousworld:savanna_grass_2":7,"minecraft:spawner":2,"minecraft:hay_block":21,"minecraft:cobbled_deepslate":1,"minecraft:iron_ore":5,"minecraft:fire":10,"minecraft:dirt_path":1,"minecraft:deepslate_iron_ore":1,"minecraft:vine":3,"minecraft:bone_block":3,"minecraft:stone":32,"minecraft:orange_bed":15,"luminousworld:savannah_soil":2,"minecraft:acacia_leaves":2,"minecraft:scaffolding":1,"minecraft:glass_pane":2,"luminousworld:tall_deadbush":1,"minecraft:brown_carpet":1,"minecraft:crafting_table":9,"born_in_chaos_v1:infected_deepslate_diamond_ore":2,"luminousworld:savannah_grass_1":8,"iceandfire:ghost_chest":2,"minecraft:tall_grass":1,"minecraft:glass":3,"minecraft:sugar_cane":16,"minecraft:oak_planks":18,"minecraft:seagrass":1,"supplementaries:urn":12,"luminousworld:king_crab_plaque":2,"minecraft:birch_log":2,"minecraft:wheat":254,"luminousworld:bao_bob_log":1,"minecraft:tnt":1,"minecraft:grass":1,"minecraft:coal_ore":31,"minecraft:acacia_fence":2,"minecraft:dirt":3,"minecraft:cracked_stone_bricks":1,"minecraft:acacia_planks":7,"minecraft:polished_andesite":21,"minecraft:stone_bricks":1,"luminousworld:savannah_grass_4":4,"luminousworld:elephant_grass":4,"minecraft:mossy_stone_bricks":1,"minecraft:oak_leaves":1,"minecraft:deepslate":21,"luminousworld:savannah_ground":1},"minecraft:custom":{"minecraft:mob_kills":84,"minecraft:interact_with_crafting_table":18,"minecraft:open_barrel":6,"minecraft:damage_dealt_resisted":435,"minecraft:leave_game":2,"minecraft:time_since_death":16006,"minecraft:climb_one_cm":22470,"minecraft:sprint_one_cm":647783,"minecraft:walk_one_cm":688515,"minecraft:damage_blocked_by_shield":1650,"minecraft:drop":82,"minecraft:damage_dealt_absorbed":40,"minecraft:play_time":269611,"minecraft:deaths":14,"minecraft:sneak_time":6103,"minecraft:walk_under_water_one_cm":49715,"minecraft:boat_one_cm":348161,"minecraft:jump":5703,"minecraft:interact_with_blast_furnace":3,"minecraft:walk_on_water_one_cm":60912,"minecraft:total_world_time":269611,"tombstone:raider_killed":1,"minecraft:sleep_in_bed":15,"minecraft:time_since_rest":15784,"minecraft:damage_taken":7322,"minecraft:damage_dealt":19465,"minecraft:swim_one_cm":42557,"minecraft:fly_one_cm":1347137,"minecraft:open_chest":88,"minecraft:crouch_one_cm":12189,"tombstone:undead_killed":50,"minecraft:interact_with_smoker":3,"minecraft:fall_one_cm":153466,"minecraft:horse_one_cm":371918},"minecraft:crafted":{"minecraft:birch_boat":1,"iceandfire:dragon_stick":1,"minecraft:stone_pickaxe":1,"minecraft:wheat":198,"minecraft:cooked_porkchop":2,"minecraft:crafting_table":2,"minecraft:wooden_pickaxe":1,"minecraft:birch_planks":8,"minecraft:stone_axe":5,"minecraft:bread":149,"minecraft:acacia_boat":2,"minecraft:air":0,"minecraft:shield":1,"minecraft:stick":56,"minecraft:white_bed":2,"minecraft:acacia_planks":72,"minecraft:torch":160},"minecraft:used":{"minecraft:bone_block":5,"luminousworld:tall_deadbush":1,"minecraft:shield":23,"luminousworld:bao_bob_log":1,"minecraft:rotten_flesh":1,"minecraft:orange_bed":14,"minecraft:torch":86,"minecraft:dirt":5,"minecraft:chainmail_chestplate":1,"minecraft:acacia_sapling":1,"minecraft:iron_boots":1,"luminousworld:elephant_grass":2,"minecraft:stone_bricks":1,"minecraft:brown_carpet":2,"minecraft:scaffolding":2,"minecraft:acacia_fence":2,"tombstone:gift":3,"minecraft:cobbled_deepslate":19,"minecraft:acacia_planks":4,"minecraft:wheat_seeds":242,"minecraft:acacia_boat":8,"minecraft:leather_leggings":1,"minecraft:stone_pickaxe":101,"minecraft:polished_andesite":10,"minecraft:oak_planks":2,"minecraft:birch_boat":6,"minecraft:leather_chestplate":1,"minecraft:wooden_pickaxe":9,"minecraft:leather_boots":1,"minecraft:crafting_table":10,"quark:acacia_chest":2,"alexscaves:cave_book":1,"minecraft:white_bed":5,"tombstone:bag_of_seeds":1,"minecraft:diamond_pickaxe":296,"minecraft:bread":86,"luminousworld:king_crab_plaque":2,"minecraft:leather_helmet":1,"minecraft:stone_axe":200,"ecologics:coconut_slice":19,"minecraft:chainmail_boots":1,"minecraft:cooked_porkchop":2,"minecraft:chainmail_leggings":1},"minecraft:picked_up":{"iceandfire:dragon_skull_lightning":2,"minecraft:crafting_table":9,"minecraft:wheat":249,"aether:iron_gloves":2,"luminousworld:bao_bob_wood":1,"minecraft:enchanted_book":4,"iceandfire:manuscript":9,"minecraft:string":1,"minecraft:raw_copper":2,"minecraft:armor_stand":4,"iceandfire:ghost_ingot":1,"minecraft:gold_nugget":4,"minecraft:cobbled_deepslate":19,"minecraft:sugar_cane":10,"minecraft:iron_boots":3,"minecraft:raw_iron":14,"iceandfire:dragonbone":29,"iceandfire:ghost_chest":2,"minecraft:acacia_fence":2,"ecologics:coconut_slice":19,"minecraft:copper_ingot":1,"ecologics:coconut_seedling":1,"minecraft:torch":6,"minecraft:acacia_log":18,"luminousworld:savannah_soil":2,"sophisticatedbackpacks:backpack":2,"tombstone:grave_dust":5,"born_in_chaos_v1:nightmare_claw":2,"born_in_chaos_v1:pieceofdarkmetal":1,"minecraft:carrot":2,"alexsmobs:centipede_leg":1,"minecraft:brown_carpet":3,"minecraft:tnt":1,"minecraft:orange_bed":15,"iceandfire:lightning_lily":4,"minecraft:rotten_flesh":33,"minecraft:arrow":11,"quark:clear_shard":6,"quark:acacia_chest":2,"minecraft:hay_block":22,"born_in_chaos_v1:spiny_shell":1,"minecraft:gold_ingot":2,"supplementaries:ash":30,"luminousworld:tall_deadbush":2,"minecraft:cod":3,"minecraft:bone_block":16,"minecraft:cobblestone":28,"minecraft:rail":2,"minecraft:birch_log":2,"born_in_chaos_v1:corpse_maggot":11,"iceandfire:sea_serpent_fang":2,"luminousworld:savannah_ground":1,"minecraft:feather":1,"minecraft:salmon":1,"minecraft:birch_planks":3,"minecraft:potato":1,"alexscaves:cave_book":1,"supplementaries:flax_seeds":4,"iceandfire:ectoplasm":5,"artifacts:flame_pendant":1,"minecraft:gunpowder":6,"minecraft:acacia_boat":7,"minecraft:dirt":13,"born_in_chaos_v1:monster_skin":4,"minecraft:leather_boots":1,"minecraft:bone":12,"minecraft:acacia_planks":7,"minecraft:stone_bricks":1,"mowziesmobs:umvuthana_mask_rage":1,"minecraft:wheat_seeds":642,"minecraft:raw_gold":7,"minecraft:iron_ingot":5,"minecraft:cobweb":13,"luminousworld:elephant_grass":4,"tombstone:bag_of_seeds":1,"minecraft:glass_bottle":3,"minecraft:acacia_sapling":1,"minecraft:oak_planks":18,"minecraft:book":1,"minecraft:scaffolding":1,"minecraft:birch_boat":6,"iceandfire:sea_serpent_scales_green":1,"earthmobsmod:harder_flesh":4,"ecologics:coconut_husk":1,"minecraft:white_bed":4,"minecraft:polished_andesite":21,"minecraft:pumpkin_seeds":3,"minecraft:slime_ball":3,"minecraft:diamond":2,"luminousworld:king_crab_plaque":2,"minecraft:emerald":12,"minecraft:bread":25,"luminousworld:bao_bob_log":1,"minecraft:coal":48,"minecraft:diamond_pickaxe":2},"minecraft:dropped":{"minecraft:enchanted_book":1,"minecraft:iron_ingot":1,"minecraft:bread":27,"minecraft:birch_planks":6,"minecraft:wheat_seeds":274,"ecologics:coconut_seedling":1,"minecraft:book":1,"minecraft:rail":2,"minecraft:cod":7,"minecraft:dirt":8,"minecraft:netherite_scrap":2,"luminousworld:bao_bob_wood":1,"minecraft:torch":12,"tombstone:grave_key":1,"minecraft:gold_nugget":4,"minecraft:acacia_planks":17,"minecraft:stone_axe":2,"alexscaves:cave_tablet":10,"minecraft:rotten_flesh":29,"luminousworld:tall_deadbush":1,"minecraft:oak_planks":2,"minecraft:iron_boots":1,"artifacts:flame_pendant":1,"sophisticatedbackpacks:backpack":1,"luminousworld:savannah_soil":2,"minecraft:white_bed":1,"earthmobsmod:harder_flesh":2,"minecraft:salmon":2,"supplementaries:ash":8,"iceandfire:ghost_chest":2,"alexscaves:cave_book":1,"aether:iron_gloves":1,"minecraft:diamond_pickaxe":1,"minecraft:iron_chestplate":1,"born_in_chaos_v1:corpse_maggot":11,"minecraft:leather_boots":1,"ecologics:coconut_husk":19,"luminousworld:elephant_grass":2},"minecraft:broken":{"minecraft:stone_axe":2},"minecraft:killed_by":{"minecraft:wither_skeleton":1,"born_in_chaos_v1:corpse_fly":1,"minecraft:drowned":1,"minecraft:magma_cube":1,"minecraft:blaze":2,"minecraft:zombie":2,"born_in_chaos_v1:corpse_fish":2,"iceandfire:ghost":1,"luminousworld:savannah_skeleton":1}},"DataVersion":3465}