{"stats":{"minecraft:mined":{"minecraft:acacia_fence":2,"luminousworld:savannah_grass_4":1,"minecraft:orange_bed":4},"minecraft:custom":{"minecraft:time_since_rest":13967,"minecraft:open_chest":1,"minecraft:sprint_one_cm":32570,"minecraft:crouch_one_cm":375,"minecraft:play_time":29854,"minecraft:deaths":1,"minecraft:damage_taken":355,"minecraft:walk_one_cm":48741,"minecraft:sneak_time":91,"minecraft:mob_kills":2,"minecraft:drop":5,"minecraft:jump":273,"minecraft:damage_dealt":252,"minecraft:leave_game":1,"minecraft:time_since_death":14238,"minecraft:sleep_in_bed":1,"minecraft:total_world_time":29854,"minecraft:fall_one_cm":6798,"minecraft:fly_one_cm":60209},"minecraft:used":{"minecraft:orange_bed":4,"minecraft:acacia_fence":2},"minecraft:picked_up":{"minecraft:book":1,"iceandfire:dragon_skull_lightning":1,"minecraft:orange_bed":4,"iceandfire:dragonbone":21,"minecraft:acacia_fence":2,"minecraft:rotten_flesh":3},"minecraft:dropped":{"minecraft:rotten_flesh":4,"minecraft:book":1}},"DataVersion":3465}