{"stats":{"minecraft:killed":{"minecraft:zombie_villager":1,"undead_revamp2:the_moonflower":2,"born_in_chaos_v1:maggot":2,"luminousworld:savannah_skeleton":2,"undead_revamp2:thesomnolence":1,"iceandfire:ghost":5,"born_in_chaos_v1:door_knight":1,"luminousworld:savannah_zombie":1},"minecraft:mined":{"iceandfire:lightning_lily":1,"minecraft:acacia_leaves":2,"luminousworld:tall_deadbush":1,"minecraft:crafting_table":4,"luminousworld:savannah_grass_1":3,"minecraft:acacia_log":12,"luminousworld:bao_bob_wood":1,"iceandfire:ghost_chest":1,"minecraft:glass":3,"quark:acacia_chest":2,"luminousworld:savanna_grass_2":4,"minecraft:hay_block":14,"minecraft:wheat":184,"luminousworld:bao_bob_log":1,"minecraft:coal_ore":8,"minecraft:vine":1,"minecraft:acacia_fence":2,"luminousworld:savannah_grass_4":3,"minecraft:stone":24,"luminousworld:elephant_grass":2,"minecraft:orange_bed":11},"minecraft:custom":{"minecraft:mob_kills":19,"minecraft:interact_with_crafting_table":9,"minecraft:leave_game":1,"minecraft:time_since_death":23954,"minecraft:sleep_in_bed":5,"minecraft:time_since_rest":12134,"minecraft:sprint_one_cm":119942,"minecraft:damage_taken":1440,"minecraft:walk_one_cm":201953,"minecraft:drop":18,"minecraft:damage_dealt":3593,"minecraft:fly_one_cm":255849,"minecraft:open_chest":25,"minecraft:crouch_one_cm":1762,"minecraft:play_time":65854,"tombstone:undead_killed":12,"minecraft:deaths":4,"minecraft:sneak_time":1085,"minecraft:jump":1202,"minecraft:walk_on_water_one_cm":70,"minecraft:total_world_time":65854,"minecraft:interact_with_smoker":3,"minecraft:fall_one_cm":28514,"minecraft:horse_one_cm":369},"minecraft:crafted":{"minecraft:cooked_porkchop":2,"minecraft:crafting_table":1,"minecraft:wooden_pickaxe":1,"iceandfire:dragon_stick":1,"minecraft:stone_axe":5,"minecraft:bread":105,"minecraft:air":0,"minecraft:shield":1,"minecraft:stick":16,"minecraft:stone_pickaxe":1,"minecraft:acacia_planks":48,"minecraft:wheat":135},"minecraft:used":{"minecraft:wheat_seeds":169,"minecraft:stone_pickaxe":33,"luminousworld:tall_deadbush":1,"minecraft:wooden_pickaxe":9,"luminousworld:bao_bob_log":1,"minecraft:rotten_flesh":1,"minecraft:orange_bed":11,"minecraft:crafting_table":4,"quark:acacia_chest":2,"minecraft:chainmail_chestplate":1,"minecraft:acacia_sapling":1,"tombstone:bag_of_seeds":1,"minecraft:bread":8,"luminousworld:elephant_grass":2,"minecraft:stone_axe":51,"ecologics:coconut_slice":2,"minecraft:chainmail_boots":1,"minecraft:cooked_porkchop":2,"minecraft:acacia_fence":2,"tombstone:gift":2,"minecraft:chainmail_leggings":1},"minecraft:picked_up":{"iceandfire:dragon_skull_lightning":1,"born_in_chaos_v1:corpse_maggot":8,"minecraft:crafting_table":4,"minecraft:wheat":180,"luminousworld:bao_bob_wood":1,"minecraft:enchanted_book":1,"iceandfire:ghost_ingot":1,"minecraft:wheat_seeds":461,"minecraft:iron_ingot":2,"luminousworld:elephant_grass":2,"tombstone:bag_of_seeds":1,"minecraft:acacia_sapling":1,"minecraft:book":1,"iceandfire:ghost_chest":1,"iceandfire:dragonbone":21,"minecraft:acacia_fence":2,"ecologics:coconut_slice":2,"minecraft:copper_ingot":1,"minecraft:acacia_log":12,"tombstone:grave_dust":2,"minecraft:carrot":2,"quark:clear_shard":6,"minecraft:orange_bed":11,"iceandfire:lightning_lily":1,"minecraft:pumpkin_seeds":3,"minecraft:arrow":3,"minecraft:rotten_flesh":14,"minecraft:slime_ball":3,"quark:acacia_chest":2,"minecraft:hay_block":15,"luminousworld:tall_deadbush":2,"luminousworld:bao_bob_log":1,"minecraft:coal":8,"minecraft:cobblestone":24},"minecraft:dropped":{"minecraft:wheat_seeds":166,"minecraft:rotten_flesh":14,"minecraft:book":1,"luminousworld:tall_deadbush":1,"iceandfire:ghost_chest":1,"luminousworld:bao_bob_wood":1,"minecraft:iron_chestplate":1,"born_in_chaos_v1:corpse_maggot":8,"ecologics:coconut_husk":2},"minecraft:killed_by":{"minecraft:zombie":1,"born_in_chaos_v1:corpse_fly":1,"luminousworld:savannah_skeleton":1}},"DataVersion":3465}