{"stats":{"minecraft:killed":{"minecraft:witch":1,"enemyexpansion:direwolf":1,"born_in_chaos_v1:maggot":5,"minecraft:skeleton":5,"alexsmobs:centipede_head":1,"luminousworld:savannah_zombie":4,"artifacts:mimic":1,"born_in_chaos_v1:barrel_zombie":1,"minecraft:magma_cube":5,"earthmobsmod:bouldering_zombie":3,"minecraft:zombie_villager":1,"undead_revamp2:the_moonflower":2,"luminousworld:savannah_skeleton":3,"undead_revamp2:thesomnolence":2,"minecraft:zombie":6,"iceandfire:ghost":7,"enemyexpansion:vampire":1,"born_in_chaos_v1:door_knight":1,"minecraft:blaze":1},"minecraft:mined":{"iceandfire:lightning_lily":2,"minecraft:white_bed":4,"luminousworld:grassvariant_4":1,"minecraft:acacia_log":15,"minecraft:grass_block":1,"luminousworld:bao_bob_wood":1,"quark:acacia_chest":2,"luminousworld:savanna_grass_2":6,"minecraft:spawner":2,"minecraft:hay_block":21,"minecraft:cobbled_deepslate":1,"minecraft:iron_ore":5,"minecraft:fire":10,"minecraft:dirt_path":1,"minecraft:deepslate_iron_ore":1,"minecraft:vine":3,"minecraft:bone_block":3,"minecraft:stone":32,"minecraft:orange_bed":15,"luminousworld:savannah_soil":2,"minecraft:acacia_leaves":2,"minecraft:scaffolding":1,"minecraft:glass_pane":2,"luminousworld:tall_deadbush":1,"minecraft:brown_carpet":1,"minecraft:crafting_table":9,"born_in_chaos_v1:infected_deepslate_diamond_ore":2,"luminousworld:savannah_grass_1":7,"iceandfire:ghost_chest":2,"minecraft:tall_grass":1,"minecraft:glass":3,"minecraft:sugar_cane":16,"minecraft:oak_planks":18,"supplementaries:urn":12,"minecraft:birch_log":2,"minecraft:wheat":254,"luminousworld:bao_bob_log":1,"minecraft:tnt":1,"minecraft:grass":1,"minecraft:coal_ore":31,"minecraft:acacia_fence":2,"minecraft:dirt":2,"minecraft:acacia_planks":7,"minecraft:polished_andesite":21,"minecraft:stone_bricks":1,"luminousworld:savannah_grass_4":4,"luminousworld:elephant_grass":4,"minecraft:mossy_stone_bricks":1,"minecraft:oak_leaves":1,"minecraft:deepslate":21,"luminousworld:savannah_ground":1},"minecraft:custom":{"minecraft:mob_kills":60,"minecraft:interact_with_crafting_table":17,"minecraft:open_barrel":6,"minecraft:leave_game":2,"minecraft:time_since_death":1824,"minecraft:climb_one_cm":22470,"minecraft:sprint_one_cm":502675,"minecraft:walk_one_cm":576171,"minecraft:damage_blocked_by_shield":1650,"minecraft:drop":60,"minecraft:damage_dealt_absorbed":40,"minecraft:play_time":215611,"minecraft:deaths":11,"minecraft:sneak_time":5737,"minecraft:walk_under_water_one_cm":8420,"minecraft:boat_one_cm":69980,"minecraft:jump":3967,"minecraft:interact_with_blast_furnace":3,"minecraft:walk_on_water_one_cm":4912,"minecraft:total_world_time":215611,"tombstone:raider_killed":1,"minecraft:sleep_in_bed":14,"minecraft:time_since_rest":1,"minecraft:damage_taken":5259,"minecraft:damage_dealt":11603,"minecraft:swim_one_cm":21679,"minecraft:fly_one_cm":877845,"minecraft:open_chest":80,"minecraft:crouch_one_cm":11458,"tombstone:undead_killed":34,"minecraft:interact_with_smoker":3,"minecraft:fall_one_cm":101083,"minecraft:horse_one_cm":371918},"minecraft:crafted":{"minecraft:birch_boat":1,"iceandfire:dragon_stick":1,"minecraft:stone_pickaxe":1,"minecraft:wheat":198,"minecraft:cooked_porkchop":2,"minecraft:crafting_table":1,"minecraft:wooden_pickaxe":1,"minecraft:birch_planks":8,"minecraft:stone_axe":5,"minecraft:bread":149,"minecraft:acacia_boat":1,"minecraft:air":0,"minecraft:shield":1,"minecraft:stick":56,"minecraft:white_bed":2,"minecraft:acacia_planks":60,"minecraft:torch":160},"minecraft:used":{"minecraft:bone_block":5,"luminousworld:tall_deadbush":1,"minecraft:shield":23,"luminousworld:bao_bob_log":1,"minecraft:rotten_flesh":1,"minecraft:orange_bed":14,"minecraft:torch":86,"minecraft:chainmail_chestplate":1,"minecraft:acacia_sapling":1,"luminousworld:elephant_grass":2,"minecraft:stone_bricks":1,"minecraft:brown_carpet":2,"minecraft:scaffolding":2,"minecraft:acacia_fence":2,"tombstone:gift":2,"minecraft:cobbled_deepslate":19,"minecraft:acacia_planks":4,"minecraft:wheat_seeds":242,"minecraft:acacia_boat":4,"minecraft:leather_leggings":1,"minecraft:stone_pickaxe":101,"minecraft:polished_andesite":10,"minecraft:oak_planks":2,"minecraft:birch_boat":1,"minecraft:leather_chestplate":1,"minecraft:wooden_pickaxe":9,"minecraft:leather_boots":1,"minecraft:crafting_table":9,"quark:acacia_chest":2,"alexscaves:cave_book":1,"minecraft:white_bed":4,"tombstone:bag_of_seeds":1,"minecraft:diamond_pickaxe":85,"minecraft:bread":56,"minecraft:leather_helmet":1,"minecraft:stone_axe":200,"ecologics:coconut_slice":2,"minecraft:chainmail_boots":1,"minecraft:cooked_porkchop":2,"minecraft:chainmail_leggings":1},"minecraft:picked_up":{"iceandfire:dragon_skull_lightning":2,"minecraft:crafting_table":9,"minecraft:wheat":249,"aether:iron_gloves":2,"luminousworld:bao_bob_wood":1,"minecraft:enchanted_book":3,"iceandfire:manuscript":9,"minecraft:string":1,"minecraft:raw_copper":2,"iceandfire:ghost_ingot":1,"minecraft:gold_nugget":4,"minecraft:cobbled_deepslate":19,"minecraft:sugar_cane":10,"minecraft:raw_iron":14,"iceandfire:dragonbone":29,"iceandfire:ghost_chest":2,"minecraft:acacia_fence":2,"ecologics:coconut_slice":2,"minecraft:copper_ingot":1,"minecraft:torch":6,"minecraft:acacia_log":15,"luminousworld:savannah_soil":2,"sophisticatedbackpacks:backpack":2,"tombstone:grave_dust":5,"minecraft:carrot":2,"alexsmobs:centipede_leg":1,"minecraft:brown_carpet":3,"minecraft:tnt":1,"minecraft:orange_bed":15,"iceandfire:lightning_lily":2,"minecraft:rotten_flesh":29,"minecraft:arrow":11,"quark:clear_shard":6,"quark:acacia_chest":2,"minecraft:hay_block":22,"born_in_chaos_v1:spiny_shell":1,"minecraft:gold_ingot":2,"supplementaries:ash":30,"luminousworld:tall_deadbush":2,"minecraft:cod":3,"minecraft:bone_block":16,"minecraft:cobblestone":28,"minecraft:rail":2,"minecraft:birch_log":2,"born_in_chaos_v1:corpse_maggot":11,"luminousworld:savannah_ground":1,"minecraft:feather":1,"minecraft:salmon":1,"minecraft:birch_planks":3,"minecraft:potato":1,"alexscaves:cave_book":1,"supplementaries:flax_seeds":4,"iceandfire:ectoplasm":1,"artifacts:flame_pendant":1,"minecraft:gunpowder":6,"minecraft:acacia_boat":4,"minecraft:dirt":7,"minecraft:bone":12,"minecraft:acacia_planks":7,"minecraft:stone_bricks":1,"mowziesmobs:umvuthana_mask_rage":1,"minecraft:wheat_seeds":642,"minecraft:raw_gold":7,"minecraft:iron_ingot":5,"minecraft:cobweb":13,"luminousworld:elephant_grass":4,"tombstone:bag_of_seeds":1,"minecraft:glass_bottle":3,"minecraft:acacia_sapling":1,"minecraft:oak_planks":18,"minecraft:book":1,"minecraft:scaffolding":1,"minecraft:birch_boat":1,"earthmobsmod:harder_flesh":4,"minecraft:white_bed":4,"minecraft:polished_andesite":21,"minecraft:pumpkin_seeds":3,"minecraft:slime_ball":3,"minecraft:diamond":2,"minecraft:emerald":12,"minecraft:bread":24,"luminousworld:bao_bob_log":1,"minecraft:coal":48,"minecraft:diamond_pickaxe":2},"minecraft:dropped":{"minecraft:enchanted_book":1,"minecraft:iron_ingot":1,"minecraft:bread":15,"minecraft:birch_planks":6,"minecraft:wheat_seeds":221,"minecraft:book":1,"minecraft:rail":2,"minecraft:cod":7,"minecraft:dirt":5,"minecraft:netherite_scrap":2,"luminousworld:bao_bob_wood":1,"minecraft:torch":12,"minecraft:gold_nugget":4,"minecraft:acacia_planks":14,"minecraft:stone_axe":2,"alexscaves:cave_tablet":10,"minecraft:rotten_flesh":25,"luminousworld:tall_deadbush":1,"minecraft:oak_planks":1,"artifacts:flame_pendant":1,"sophisticatedbackpacks:backpack":1,"minecraft:white_bed":1,"earthmobsmod:harder_flesh":2,"minecraft:salmon":2,"supplementaries:ash":8,"iceandfire:ghost_chest":2,"alexscaves:cave_book":1,"aether:iron_gloves":1,"minecraft:diamond_pickaxe":1,"minecraft:iron_chestplate":1,"born_in_chaos_v1:corpse_maggot":11,"ecologics:coconut_husk":2,"luminousworld:elephant_grass":2},"minecraft:broken":{"minecraft:stone_axe":2},"minecraft:killed_by":{"minecraft:wither_skeleton":1,"born_in_chaos_v1:corpse_fly":1,"minecraft:drowned":1,"minecraft:magma_cube":1,"minecraft:blaze":2,"minecraft:zombie":2,"luminousworld:savannah_skeleton":1}},"DataVersion":3465}