{"stats":{"minecraft:killed":{"undead_revamp2:the_moonflower":2},"minecraft:mined":{"minecraft:hay_block":14,"luminousworld:tall_deadbush":1,"minecraft:wheat":130,"luminousworld:bao_bob_log":1,"luminousworld:savannah_grass_1":2,"minecraft:acacia_fence":2,"luminousworld:elephant_grass":1,"luminousworld:savannah_grass_4":2,"luminousworld:savanna_grass_2":2,"minecraft:orange_bed":9,"iceandfire:lightning_lily":1},"minecraft:custom":{"minecraft:time_since_rest":7594,"minecraft:sprint_one_cm":58505,"minecraft:damage_taken":1105,"minecraft:walk_one_cm":119027,"minecraft:mob_kills":6,"minecraft:drop":7,"minecraft:damage_dealt":832,"minecraft:fly_one_cm":106183,"minecraft:open_chest":7,"minecraft:crouch_one_cm":1633,"minecraft:play_time":41854,"tombstone:undead_killed":2,"minecraft:deaths":3,"minecraft:sneak_time":1034,"minecraft:jump":550,"minecraft:leave_game":1,"minecraft:walk_on_water_one_cm":70,"minecraft:time_since_death":8829,"minecraft:interact_with_smoker":3,"minecraft:sleep_in_bed":4,"minecraft:total_world_time":41854,"minecraft:fall_one_cm":13396},"minecraft:crafted":{"minecraft:cooked_porkchop":2,"minecraft:air":0},"minecraft:used":{"minecraft:wheat_seeds":117,"minecraft:bread":2,"luminousworld:tall_deadbush":1,"luminousworld:bao_bob_log":1,"luminousworld:elephant_grass":1,"minecraft:rotten_flesh":1,"minecraft:orange_bed":9,"minecraft:cooked_porkchop":1,"minecraft:acacia_fence":2,"tombstone:gift":1},"minecraft:picked_up":{"minecraft:book":1,"iceandfire:dragon_skull_lightning":1,"born_in_chaos_v1:corpse_maggot":2,"minecraft:wheat":128,"iceandfire:dragonbone":21,"minecraft:acacia_fence":2,"tombstone:grave_dust":2,"iceandfire:lightning_lily":1,"minecraft:orange_bed":9,"minecraft:rotten_flesh":8,"minecraft:slime_ball":3,"minecraft:wheat_seeds":317,"minecraft:hay_block":15,"minecraft:iron_ingot":1,"luminousworld:elephant_grass":1,"luminousworld:tall_deadbush":2,"luminousworld:bao_bob_log":1},"minecraft:dropped":{"minecraft:book":1,"minecraft:rotten_flesh":5,"luminousworld:tall_deadbush":1},"minecraft:killed_by":{"born_in_chaos_v1:corpse_fly":1,"minecraft:zombie":1}},"DataVersion":3465}