{"stats":{"minecraft:mined":{"iceandfire:lightning_lily":2,"minecraft:acacia_leaves":2,"minecraft:scaffolding":1,"minecraft:white_bed":2,"luminousworld:tall_deadbush":1,"minecraft:brown_carpet":1,"minecraft:crafting_table":6,"luminousworld:savannah_grass_1":4,"minecraft:acacia_log":15,"luminousworld:bao_bob_wood":1,"iceandfire:ghost_chest":2,"minecraft:glass":3,"quark:acacia_chest":2,"minecraft:oak_planks":5,"luminousworld:savanna_grass_2":6,"minecraft:hay_block":14,"minecraft:iron_ore":4,"minecraft:wheat":184,"luminousworld:bao_bob_log":1,"minecraft:grass":1,"minecraft:coal_ore":31,"minecraft:vine":2,"minecraft:acacia_fence":2,"minecraft:stone_bricks":1,"luminousworld:savannah_grass_4":4,"minecraft:stone":28,"luminousworld:elephant_grass":2,"minecraft:orange_bed":13},"minecraft:killed":{"born_in_chaos_v1:barrel_zombie":1,"minecraft:zombie_villager":1,"undead_revamp2:the_moonflower":2,"born_in_chaos_v1:maggot":5,"minecraft:skeleton":4,"luminousworld:savannah_skeleton":3,"undead_revamp2:thesomnolence":2,"minecraft:zombie":3,"iceandfire:ghost":6,"born_in_chaos_v1:door_knight":1,"luminousworld:savannah_zombie":4},"minecraft:custom":{"minecraft:mob_kills":36,"minecraft:interact_with_crafting_table":14,"minecraft:leave_game":1,"minecraft:time_since_death":36949,"minecraft:sleep_in_bed":11,"minecraft:climb_one_cm":912,"minecraft:time_since_rest":4005,"minecraft:sprint_one_cm":206273,"minecraft:damage_taken":1981,"minecraft:walk_one_cm":311003,"minecraft:damage_blocked_by_shield":390,"minecraft:drop":28,"minecraft:damage_dealt":6771,"minecraft:fly_one_cm":449007,"minecraft:open_chest":45,"minecraft:crouch_one_cm":5907,"minecraft:play_time":119854,"tombstone:undead_killed":25,"minecraft:deaths":5,"minecraft:sneak_time":2729,"minecraft:walk_under_water_one_cm":205,"minecraft:boat_one_cm":47698,"minecraft:jump":2041,"minecraft:interact_with_blast_furnace":2,"minecraft:walk_on_water_one_cm":641,"minecraft:total_world_time":119854,"minecraft:interact_with_smoker":3,"minecraft:fall_one_cm":49169,"minecraft:horse_one_cm":371918},"minecraft:crafted":{"minecraft:cooked_porkchop":2,"minecraft:crafting_table":1,"minecraft:wooden_pickaxe":1,"iceandfire:dragon_stick":1,"minecraft:stone_axe":5,"minecraft:acacia_boat":1,"minecraft:bread":105,"minecraft:air":0,"minecraft:shield":1,"minecraft:stick":24,"minecraft:stone_pickaxe":1,"minecraft:white_bed":2,"minecraft:acacia_planks":60,"minecraft:torch":32,"minecraft:wheat":135},"minecraft:used":{"minecraft:wheat_seeds":169,"minecraft:acacia_boat":1,"minecraft:stone_pickaxe":65,"minecraft:oak_planks":1,"luminousworld:tall_deadbush":1,"minecraft:shield":6,"minecraft:wooden_pickaxe":9,"luminousworld:bao_bob_log":1,"minecraft:rotten_flesh":1,"minecraft:orange_bed":13,"minecraft:torch":12,"minecraft:crafting_table":7,"quark:acacia_chest":2,"minecraft:white_bed":3,"minecraft:chainmail_chestplate":1,"minecraft:acacia_sapling":1,"tombstone:bag_of_seeds":1,"minecraft:bread":17,"luminousworld:elephant_grass":2,"minecraft:stone_bricks":1,"minecraft:stone_axe":119,"ecologics:coconut_slice":2,"minecraft:brown_carpet":2,"minecraft:scaffolding":2,"minecraft:chainmail_boots":1,"minecraft:cooked_porkchop":2,"minecraft:acacia_fence":2,"tombstone:gift":2,"minecraft:chainmail_leggings":1},"minecraft:picked_up":{"iceandfire:dragon_skull_lightning":2,"born_in_chaos_v1:corpse_maggot":11,"minecraft:crafting_table":6,"minecraft:wheat":180,"minecraft:feather":1,"aether:iron_gloves":2,"minecraft:potato":1,"luminousworld:bao_bob_wood":1,"minecraft:enchanted_book":1,"iceandfire:ectoplasm":1,"minecraft:acacia_boat":1,"iceandfire:manuscript":9,"minecraft:string":1,"minecraft:raw_copper":2,"minecraft:bone":12,"iceandfire:ghost_ingot":1,"minecraft:stone_bricks":1,"mowziesmobs:umvuthana_mask_rage":1,"minecraft:wheat_seeds":461,"minecraft:gold_nugget":4,"minecraft:iron_ingot":3,"minecraft:cobweb":13,"luminousworld:elephant_grass":2,"tombstone:bag_of_seeds":1,"minecraft:oak_planks":3,"minecraft:acacia_sapling":1,"minecraft:book":1,"minecraft:scaffolding":1,"minecraft:raw_iron":4,"iceandfire:ghost_chest":2,"iceandfire:dragonbone":29,"minecraft:acacia_fence":2,"ecologics:coconut_slice":2,"minecraft:copper_ingot":1,"minecraft:acacia_log":15,"tombstone:grave_dust":2,"minecraft:white_bed":2,"minecraft:carrot":2,"minecraft:brown_carpet":3,"quark:clear_shard":6,"minecraft:orange_bed":13,"iceandfire:lightning_lily":2,"minecraft:pumpkin_seeds":3,"minecraft:arrow":9,"minecraft:rotten_flesh":19,"minecraft:slime_ball":3,"quark:acacia_chest":2,"minecraft:hay_block":15,"born_in_chaos_v1:spiny_shell":1,"minecraft:gold_ingot":2,"luminousworld:tall_deadbush":2,"luminousworld:bao_bob_log":1,"minecraft:coal":31,"minecraft:cobblestone":28},"minecraft:dropped":{"minecraft:iron_ingot":1,"minecraft:stone_axe":2,"minecraft:wheat_seeds":166,"minecraft:rotten_flesh":18,"minecraft:book":1,"luminousworld:tall_deadbush":1,"minecraft:white_bed":1,"iceandfire:ghost_chest":2,"luminousworld:bao_bob_wood":1,"aether:iron_gloves":1,"minecraft:iron_chestplate":1,"born_in_chaos_v1:corpse_maggot":11,"ecologics:coconut_husk":2,"minecraft:gold_nugget":4,"minecraft:acacia_planks":14},"minecraft:broken":{"minecraft:stone_axe":1},"minecraft:killed_by":{"minecraft:zombie":2,"born_in_chaos_v1:corpse_fly":1,"luminousworld:savannah_skeleton":1}},"DataVersion":3465}