{"stats":{"minecraft:killed":{"minecraft:zombie_villager":1,"undead_revamp2:the_moonflower":2,"born_in_chaos_v1:maggot":5,"minecraft:skeleton":4,"luminousworld:savannah_skeleton":3,"undead_revamp2:thesomnolence":2,"minecraft:zombie":1,"iceandfire:ghost":6,"born_in_chaos_v1:door_knight":1,"luminousworld:savannah_zombie":4},"minecraft:mined":{"iceandfire:lightning_lily":2,"minecraft:acacia_leaves":2,"minecraft:scaffolding":1,"luminousworld:tall_deadbush":1,"minecraft:brown_carpet":1,"minecraft:crafting_table":4,"luminousworld:savannah_grass_1":4,"minecraft:acacia_log":12,"luminousworld:bao_bob_wood":1,"iceandfire:ghost_chest":2,"minecraft:glass":3,"quark:acacia_chest":2,"luminousworld:savanna_grass_2":6,"minecraft:hay_block":14,"minecraft:iron_ore":4,"minecraft:wheat":184,"luminousworld:bao_bob_log":1,"minecraft:coal_ore":31,"minecraft:vine":2,"minecraft:acacia_fence":2,"minecraft:stone_bricks":1,"luminousworld:savannah_grass_4":4,"minecraft:stone":28,"luminousworld:elephant_grass":2,"minecraft:orange_bed":13},"minecraft:custom":{"minecraft:mob_kills":33,"minecraft:interact_with_crafting_table":9,"minecraft:leave_game":1,"minecraft:time_since_death":18949,"minecraft:sleep_in_bed":8,"minecraft:time_since_rest":12616,"minecraft:sprint_one_cm":183545,"minecraft:damage_taken":1901,"minecraft:walk_one_cm":282858,"minecraft:damage_blocked_by_shield":390,"minecraft:drop":21,"minecraft:damage_dealt":6110,"minecraft:fly_one_cm":388426,"minecraft:open_chest":44,"minecraft:crouch_one_cm":4345,"minecraft:play_time":101854,"tombstone:undead_killed":22,"minecraft:deaths":5,"minecraft:sneak_time":1984,"minecraft:walk_under_water_one_cm":205,"minecraft:jump":1825,"minecraft:interact_with_blast_furnace":2,"minecraft:walk_on_water_one_cm":407,"minecraft:total_world_time":101854,"minecraft:interact_with_smoker":3,"minecraft:fall_one_cm":42528,"minecraft:horse_one_cm":365828},"minecraft:crafted":{"minecraft:cooked_porkchop":2,"minecraft:crafting_table":1,"minecraft:wooden_pickaxe":1,"iceandfire:dragon_stick":1,"minecraft:stone_axe":5,"minecraft:bread":105,"minecraft:air":0,"minecraft:shield":1,"minecraft:stick":16,"minecraft:stone_pickaxe":1,"minecraft:acacia_planks":48,"minecraft:wheat":135},"minecraft:used":{"minecraft:wheat_seeds":169,"minecraft:stone_pickaxe":65,"luminousworld:tall_deadbush":1,"minecraft:shield":6,"minecraft:wooden_pickaxe":9,"luminousworld:bao_bob_log":1,"minecraft:rotten_flesh":1,"minecraft:orange_bed":13,"minecraft:crafting_table":4,"quark:acacia_chest":2,"minecraft:chainmail_chestplate":1,"minecraft:acacia_sapling":1,"tombstone:bag_of_seeds":1,"minecraft:bread":15,"luminousworld:elephant_grass":2,"minecraft:stone_bricks":1,"minecraft:stone_axe":100,"ecologics:coconut_slice":2,"minecraft:brown_carpet":2,"minecraft:scaffolding":2,"minecraft:chainmail_boots":1,"minecraft:cooked_porkchop":2,"minecraft:acacia_fence":2,"tombstone:gift":2,"minecraft:chainmail_leggings":1},"minecraft:picked_up":{"iceandfire:dragon_skull_lightning":2,"born_in_chaos_v1:corpse_maggot":11,"minecraft:crafting_table":4,"minecraft:wheat":180,"minecraft:feather":1,"aether:iron_gloves":2,"luminousworld:bao_bob_wood":1,"minecraft:enchanted_book":1,"iceandfire:ectoplasm":1,"iceandfire:manuscript":9,"minecraft:string":1,"minecraft:bone":12,"iceandfire:ghost_ingot":1,"minecraft:stone_bricks":1,"mowziesmobs:umvuthana_mask_rage":1,"minecraft:wheat_seeds":461,"minecraft:gold_nugget":4,"minecraft:iron_ingot":3,"minecraft:cobweb":13,"luminousworld:elephant_grass":2,"tombstone:bag_of_seeds":1,"minecraft:acacia_sapling":1,"minecraft:book":1,"minecraft:scaffolding":1,"minecraft:raw_iron":4,"iceandfire:ghost_chest":2,"iceandfire:dragonbone":29,"minecraft:acacia_fence":2,"ecologics:coconut_slice":2,"minecraft:copper_ingot":1,"minecraft:acacia_log":12,"tombstone:grave_dust":2,"minecraft:carrot":2,"minecraft:brown_carpet":3,"quark:clear_shard":6,"minecraft:orange_bed":13,"iceandfire:lightning_lily":2,"minecraft:pumpkin_seeds":3,"minecraft:arrow":9,"minecraft:rotten_flesh":15,"minecraft:slime_ball":3,"quark:acacia_chest":2,"minecraft:hay_block":15,"minecraft:gold_ingot":2,"luminousworld:tall_deadbush":2,"luminousworld:bao_bob_log":1,"minecraft:coal":31,"minecraft:cobblestone":28},"minecraft:dropped":{"minecraft:wheat_seeds":166,"minecraft:rotten_flesh":14,"minecraft:book":1,"luminousworld:tall_deadbush":1,"iceandfire:ghost_chest":2,"luminousworld:bao_bob_wood":1,"aether:iron_gloves":1,"minecraft:iron_chestplate":1,"born_in_chaos_v1:corpse_maggot":11,"ecologics:coconut_husk":2},"minecraft:broken":{"minecraft:stone_axe":1},"minecraft:killed_by":{"minecraft:zombie":2,"born_in_chaos_v1:corpse_fly":1,"luminousworld:savannah_skeleton":1}},"DataVersion":3465}